data_iniSE,SE,casos_est,casos_est_min,casos_est_max,casos,p_rt1,p_inc100k,Localidade_id,nivel,id,versao_modelo,tweet,Rt,pop,tempmin,umidmax,receptivo,transmissao,nivel_inc,notif_accum_year
2015-12-27,201552,51.0,51,51,51,0.893266,2.69272,0,2,410690220155218606,2020-12-10,35.0,1.0,1893997.0,20.0,,0,0,1,37
2016-01-03,201601,372.0,372,372,372,1.0,19.641,0,2,410690220160118606,2020-12-10,72.0,6.0,1893997.0,18.0,,0,1,2,37
2016-01-10,201602,528.0,528,528,528,1.0,27.8776,0,4,410690220160218606,2020-12-10,100.0,3.0,1893997.0,18.0,,0,1,2,37
2016-01-17,201603,574.0,574,574,574,1.0,30.3063,0,4,410690220160318606,2020-12-10,123.0,2.0,1893997.0,14.0,,0,1,2,37
2016-01-24,201604,592.0,592,592,592,0.999844,31.2566,0,4,410690220160418606,2020-12-10,108.0,1.0,1893997.0,18.0,,0,1,2,37
2016-01-31,201605,663.0,663,663,663,0.998909,35.0053,0,4,410690220160518606,2020-12-10,240.0,1.0,1893997.0,19.0,,0,1,2,37
2016-02-07,201606,845.0,845,845,845,1.0,44.6146,0,4,410690220160618606,2020-12-10,201.0,1.0,1893997.0,19.0,,0,1,2,37
2016-02-14,201607,1162.0,1162,1162,1162,1.0,61.3517,0,4,410690220160718606,2020-12-10,210.0,2.0,1893997.0,20.0,,0,1,2,37
2016-02-21,201608,978.0,978,978,978,0.995441,51.6368,0,4,410690220160818606,2020-12-10,138.0,1.0,1893997.0,20.0,,0,1,2,37
2016-02-28,201609,751.0,751,751,751,1.0874e-08,39.6516,0,4,410690220160918606,2020-12-10,110.0,1.0,1893997.0,17.0,,0,0,2,37
2016-03-06,201610,661.0,661,661,661,2.06968e-12,34.8997,0,4,410690220161018606,2020-12-10,99.0,1.0,1893997.0,18.0,,0,0,2,37
2016-03-13,201611,634.0,634,634,634,7.98716e-06,33.4742,0,4,410690220161118606,2020-12-10,101.0,1.0,1893997.0,17.0,,0,0,2,37
2016-03-20,201612,538.0,538,538,538,1.14056e-05,28.4055,0,4,410690220161218606,2020-12-10,202.0,1.0,1893997.0,18.0,,0,0,2,37
2016-03-27,201613,874.0,874,874,874,1.0,46.1458,0,4,410690220161318606,2020-12-10,75.0,1.0,1893997.0,16.0,,0,1,2,37
2016-04-03,201614,623.0,623,623,623,0.205824,32.8934,0,4,410690220161418606,2020-12-10,60.0,1.0,1893997.0,19.0,,0,0,2,37
2016-04-10,201615,572.0,572,572,572,0.000205448,30.2007,0,4,410690220161518606,2020-12-10,35.0,1.0,1893997.0,19.0,,0,0,2,37
2016-04-17,201616,507.0,507,507,507,4.82319e-06,26.7688,0,4,410690220161618606,2020-12-10,18.0,1.0,1893997.0,17.0,,0,0,2,37
2016-04-24,201617,347.0,347,347,347,6.55032e-14,18.321,0,4,410690220161718606,2020-12-10,14.0,1.0,1893997.0,11.0,,0,0,2,37
2016-05-01,201618,190.0,190,190,190,0.0,10.0317,0,4,410690220161818606,2020-12-10,11.0,0.0,1893997.0,10.0,,0,0,2,37
2016-05-08,201619,155.0,155,155,155,0.0,8.18375,0,4,410690220161918606,2020-12-10,8.0,0.0,1893997.0,14.0,,0,0,2,37
2016-05-15,201620,116.0,116,116,116,1.03599e-10,6.12461,0,4,410690220162018606,2020-12-10,12.0,0.0,1893997.0,11.0,,0,0,2,37
2016-05-22,201621,50.0,50,50,50,3.55271e-15,2.63992,0,2,410690220162118606,2020-12-10,5.0,0.0,1893997.0,12.0,,0,0,1,37
2016-05-29,201622,51.0,51,51,51,1.01393e-06,2.69272,0,2,410690220162218606,2020-12-10,6.0,0.0,1893997.0,13.0,,0,0,1,37
2016-06-05,201623,22.0,22,22,22,8.82161e-08,1.16156,0,2,410690220162318606,2020-12-10,1.0,0.0,1893997.0,5.0,,0,0,1,37
2016-06-12,201624,24.0,24,24,24,0.00376408,1.26716,0,2,410690220162418606,2020-12-10,2.0,1.0,1893997.0,6.0,,0,0,1,37
2016-06-19,201625,13.0,13,13,13,0.00284937,0.686379,0,1,410690220162518606,2020-12-10,6.0,0.0,1893997.0,9.0,,0,0,0,37
2016-06-26,201626,17.0,17,17,17,0.210934,0.897573,0,1,410690220162618606,2020-12-10,2.0,1.0,1893997.0,8.0,,0,0,1,37
2016-07-03,201627,15.0,15,15,15,0.338482,0.791976,0,1,410690220162718606,2020-12-10,5.0,1.0,1893997.0,8.0,,0,0,1,37
2016-07-10,201628,31.0,31,31,31,0.98289,1.63675,0,1,410690220162818606,2020-12-10,8.0,2.0,1893997.0,13.0,,0,1,1,37
2016-07-17,201629,29.0,29,29,29,0.903953,1.53115,0,1,410690220162918606,2020-12-10,7.0,1.0,1893997.0,6.0,,0,0,1,37
2016-07-24,201630,36.0,36,36,36,0.901534,1.90074,0,1,410690220163018606,2020-12-10,16.0,1.0,1893997.0,10.0,,0,0,1,37
2016-07-31,201631,33.0,33,33,33,0.62638,1.74235,0,1,410690220163118606,2020-12-10,11.0,1.0,1893997.0,11.0,,0,0,1,37
2016-08-07,201632,28.0,28,28,28,0.275062,1.47836,0,1,410690220163218606,2020-12-10,16.0,1.0,1893997.0,7.0,,0,0,1,37
2016-08-14,201633,23.0,23,23,23,0.119978,1.21436,0,1,410690220163318606,2020-12-10,2.0,1.0,1893997.0,11.0,,0,0,1,37
2016-08-21,201634,17.0,17,17,17,0.0520118,0.897573,0,1,410690220163418606,2020-12-10,2.0,1.0,1893997.0,7.0,,0,0,1,37
2016-08-28,201635,16.0,16,16,16,0.131911,0.844774,0,1,410690220163518606,2020-12-10,,1.0,1893997.0,12.0,,0,0,1,37
2016-09-04,201636,17.0,17,17,17,0.380424,0.897573,0,1,410690220163618606,2020-12-10,2.0,1.0,1893997.0,10.0,,0,0,1,37
2016-09-11,201637,29.0,29,29,29,0.955722,1.53115,0,1,410690220163718606,2020-12-10,5.0,2.0,1893997.0,12.0,,0,1,1,37
2016-09-18,201638,26.0,26,26,26,0.810146,1.37276,0,1,410690220163818606,2020-12-10,6.0,1.0,1893997.0,11.0,,0,0,1,37
2016-09-25,201639,35.0,35,35,35,0.908363,1.84794,0,1,410690220163918606,2020-12-10,4.0,1.0,1893997.0,11.0,,0,0,1,37
2016-10-02,201640,5.0,5,5,5,1.58707e-05,0.263992,0,1,410690220164018606,2020-12-10,3.0,0.0,1893997.0,12.0,,0,0,0,37
2016-10-09,201641,15.0,15,15,15,0.0733069,0.791976,0,1,410690220164118606,2020-12-10,7.0,1.0,1893997.0,13.0,,0,0,1,37
2016-10-16,201642,35.0,35,35,35,0.992974,1.84794,0,1,410690220164218606,2020-12-10,4.0,2.0,1893997.0,16.0,,0,1,1,37
2016-10-23,201643,29.0,29,29,29,0.922624,1.53115,0,1,410690220164318606,2020-12-10,3.0,2.0,1893997.0,14.0,,0,0,1,37
2016-10-30,201644,31.0,31,31,31,0.715258,1.63675,0,1,410690220164418606,2020-12-10,6.0,1.0,1893997.0,14.0,,0,0,1,37
2016-11-06,201645,29.0,29,29,29,0.450833,1.53115,0,1,410690220164518606,2020-12-10,3.0,1.0,1893997.0,15.0,,0,0,1,37
2016-11-13,201646,34.0,34,34,34,0.683768,1.79515,0,1,410690220164618606,2020-12-10,2.0,1.0,1893997.0,13.0,,0,0,1,37
2016-11-20,201647,31.0,31,31,31,0.515643,1.63675,0,1,410690220164718606,2020-12-10,4.0,1.0,1893997.0,13.0,,0,0,1,37
2016-11-27,201648,57.0,57,57,57,0.994788,3.00951,0,1,410690220164818606,2020-12-10,4.0,2.0,1893997.0,16.0,,0,1,1,37
2016-12-04,201649,45.0,45,45,45,0.761955,2.37593,0,1,410690220164918606,2020-12-10,5.0,1.0,1893997.0,15.0,,0,0,1,37
2016-12-11,201650,55.0,55,55,55,0.814017,2.90391,0,1,410690220165018606,2020-12-10,,1.0,1893997.0,16.0,,0,0,1,37
2016-12-18,201651,55.0,55,55,55,0.693206,2.90391,0,1,410690220165118606,2020-12-10,2.0,1.0,1893997.0,18.0,,0,0,1,37
2016-12-25,201652,115.0,115,115,115,0.999998,6.07182,0,1,410690220165218606,2020-12-10,3.0,2.0,1893997.0,20.0,,0,1,2,37
2017-01-01,201701,134.0,134,134,134,0.999991,7.07499,0,4,410690220170118606,2020-12-10,9.0,2.0,1893997.0,19.0,,0,1,2,37
2017-01-08,201702,142.0,142,142,142,0.994445,7.49737,0,4,410690220170218606,2020-12-10,7.0,1.0,1893997.0,19.0,,0,1,2,37
2017-01-15,201703,143.0,143,143,143,0.841738,7.55017,0,4,410690220170318606,2020-12-10,4.0,1.0,1893997.0,18.0,,0,0,2,37
2017-01-22,201704,144.0,144,144,144,0.641784,7.60297,0,4,410690220170418606,2020-12-10,3.0,1.0,1893997.0,17.0,,0,0,2,37
2017-01-29,201705,98.0,98,98,98,0.00354728,5.17424,0,4,410690220170518606,2020-12-10,2.0,1.0,1893997.0,18.0,,0,0,2,37
2017-02-05,201706,78.0,78,78,78,0.000212602,4.11827,0,4,410690220170618606,2020-12-10,1.0,1.0,1893997.0,19.0,,0,0,2,37
2017-02-12,201707,93.0,93,93,93,0.17418,4.91025,0,4,410690220170718606,2020-12-10,4.0,1.0,1893997.0,19.0,,0,0,2,37
2017-02-19,201708,73.0,73,73,73,0.0944236,3.85428,0,2,410690220170818606,2020-12-10,6.0,1.0,1893997.0,18.0,,0,0,1,37
2017-02-26,201709,78.0,78,78,78,0.323788,4.11827,0,2,410690220170918606,2020-12-10,4.0,1.0,1893997.0,18.0,,0,0,2,37
2017-03-05,201710,71.0,71,71,71,0.256223,3.74869,0,2,410690220171018606,2020-12-10,1.0,1.0,1893997.0,19.0,,0,0,1,37
2017-03-12,201711,60.0,60,60,60,0.103468,3.1679,0,2,410690220171118606,2020-12-10,2.0,1.0,1893997.0,17.0,,0,0,1,37
2017-03-19,201712,38.0,38,38,38,0.00155268,2.00634,0,1,410690220171218606,2020-12-10,3.0,1.0,1893997.0,14.0,,0,0,1,37
2017-03-26,201713,21.0,21,21,21,2.19097e-05,1.10877,0,1,410690220171318606,2020-12-10,2.0,0.0,1893997.0,14.0,,0,0,1,37
2017-04-02,201714,41.0,41,41,41,0.492833,2.16473,0,1,410690220171418606,2020-12-10,2.0,1.0,1893997.0,16.0,,0,0,1,37
2017-04-09,201715,40.0,40,40,40,0.787487,2.11194,0,1,410690220171518606,2020-12-10,3.0,1.0,1893997.0,16.0,,0,0,1,37
2017-04-16,201716,39.0,39,39,39,0.656131,2.05914,0,1,410690220171618606,2020-12-10,1.0,1.0,1893997.0,15.0,,0,0,1,37
2017-04-23,201717,23.0,23,23,23,0.0268762,1.21436,0,1,410690220171718606,2020-12-10,2.0,1.0,1893997.0,11.0,,0,0,1,37
2017-04-30,201718,30.0,30,30,30,0.27675,1.58395,0,1,410690220171818606,2020-12-10,1.0,1.0,1893997.0,14.0,,0,0,1,37
2017-05-07,201719,24.0,24,24,24,0.223611,1.26716,0,1,410690220171918606,2020-12-10,,1.0,1893997.0,13.0,,0,0,1,37
2017-05-14,201720,23.0,23,23,23,0.29011,1.21436,0,1,410690220172018606,2020-12-10,4.0,1.0,1893997.0,13.0,,0,0,1,37
2017-05-21,201721,20.0,20,20,20,0.230042,1.05597,0,1,410690220172118606,2020-12-10,4.0,1.0,1893997.0,14.0,,0,0,1,37
2017-05-28,201722,22.0,22,22,22,0.455712,1.16156,0,1,410690220172218606,2020-12-10,4.0,1.0,1893997.0,14.0,,0,0,1,37
2017-06-04,201723,12.0,12,12,12,0.0560052,0.633581,0,1,410690220172318606,2020-12-10,1.0,1.0,1893997.0,14.0,,0,0,0,37
2017-06-11,201724,6.0,6,6,6,0.00484335,0.31679,0,1,410690220172418606,2020-12-10,4.0,0.0,1893997.0,8.0,,0,0,0,37
2017-06-18,201725,13.0,13,13,13,0.464631,0.686379,0,1,410690220172518606,2020-12-10,3.0,1.0,1893997.0,10.0,,0,0,0,37
2017-06-25,201726,12.0,12,12,12,0.63729,0.633581,0,1,410690220172618606,2020-12-10,1.0,1.0,1893997.0,10.0,,0,0,0,37
2017-07-02,201727,8.0,8,8,8,0.259619,0.422387,0,1,410690220172718606,2020-12-10,4.0,1.0,1893997.0,9.0,,0,0,0,37
2017-07-09,201728,8.0,8,8,8,0.262551,0.422387,0,1,410690220172818606,2020-12-10,0.0,1.0,1893997.0,10.0,,0,0,0,37
2017-07-16,201729,7.0,7,7,7,0.29207,0.369589,0,1,410690220172918606,2020-12-10,2.0,1.0,1893997.0,6.0,,0,0,0,37
2017-07-23,201730,9.0,9,9,9,0.596866,0.475186,0,1,410690220173018606,2020-12-10,2.0,1.0,1893997.0,9.0,,0,0,0,37
2017-07-30,201731,21.0,21,21,21,0.991053,1.10877,0,1,410690220173118606,2020-12-10,2.0,2.0,1893997.0,11.0,,0,1,1,37
2017-08-06,201732,15.0,15,15,15,0.745782,0.791976,0,1,410690220173218606,2020-12-10,,1.0,1893997.0,11.0,,0,0,1,37
2017-08-13,201733,8.0,8,8,8,0.0661566,0.422387,0,1,410690220173318606,2020-12-10,4.0,1.0,1893997.0,12.0,,0,0,0,37
2017-08-20,201734,16.0,16,16,16,0.616943,0.844774,0,1,410690220173418606,2020-12-10,1.0,1.0,1893997.0,11.0,,0,0,1,37
2017-08-27,201735,12.0,12,12,12,0.457854,0.633581,0,1,410690220173518606,2020-12-10,0.0,1.0,1893997.0,12.0,,0,0,0,37
2017-09-03,201736,10.0,10,10,10,0.283918,0.527984,0,1,410690220173618606,2020-12-10,0.0,1.0,1893997.0,11.0,,0,0,0,37
2017-09-10,201737,30.0,30,30,30,0.995565,1.58395,0,1,410690220173718606,2020-12-10,1.0,2.0,1893997.0,11.0,,0,1,1,37
2017-09-17,201738,25.0,25,25,25,0.912246,1.31996,0,1,410690220173818606,2020-12-10,3.0,2.0,1893997.0,11.0,,0,0,1,37
2017-09-24,201739,27.0,27,27,27,0.735075,1.42556,0,1,410690220173918606,2020-12-10,1.0,1.0,1893997.0,11.0,,0,0,1,37
2017-10-01,201740,13.0,13,13,13,0.0230273,0.686379,0,1,410690220174018606,2020-12-10,4.0,1.0,1893997.0,12.0,,0,0,0,37
2017-10-08,201741,22.0,22,22,22,0.450814,1.16156,0,1,410690220174118606,2020-12-10,1.0,1.0,1893997.0,12.0,,0,0,1,37
2017-10-15,201742,26.0,26,26,26,0.817295,1.37276,0,1,410690220174218606,2020-12-10,1.0,1.0,1893997.0,12.0,,0,0,1,37
2017-10-22,201743,22.0,22,22,22,0.562792,1.16156,0,1,410690220174318606,2020-12-10,5.0,1.0,1893997.0,13.0,,0,0,1,37
2017-10-29,201744,17.0,17,17,17,0.177449,0.897573,0,1,410690220174418606,2020-12-10,2.0,1.0,1893997.0,13.0,,0,0,1,37
2017-11-05,201745,19.0,19,19,19,0.348149,1.00317,0,1,410690220174518606,2020-12-10,2.0,1.0,1893997.0,13.0,,0,0,1,37
2017-11-12,201746,36.0,36,36,36,0.984069,1.90074,0,1,410690220174618606,2020-12-10,4.0,2.0,1893997.0,13.0,,0,1,1,37
2017-11-19,201747,23.0,23,23,23,0.502842,1.21436,0,1,410690220174718606,2020-12-10,1.0,1.0,1893997.0,14.0,,0,0,1,37
2017-11-26,201748,20.0,20,20,20,0.163429,1.05597,0,1,410690220174818606,2020-12-10,5.0,1.0,1893997.0,14.0,,0,0,1,37
2017-12-03,201749,32.0,32,32,32,0.804067,1.68955,0,1,410690220174918606,2020-12-10,1.0,1.0,1893997.0,16.0,,0,0,1,37
2017-12-10,201750,38.0,38,38,38,0.945501,2.00634,0,1,410690220175018606,2020-12-10,,1.0,1893997.0,16.0,,0,0,1,37
2017-12-17,201751,18.0,18,18,18,0.049493,0.950371,0,1,410690220175118606,2020-12-10,0.0,1.0,1893997.0,18.0,,0,0,1,37
2017-12-24,201752,21.0,21,21,21,0.111363,1.10877,0,1,410690220175218606,2020-12-10,3.0,1.0,1893997.0,18.0,,0,0,1,37
2017-12-31,201801,53.0,53,53,53,0.998918,2.79831,0,1,410690220180118606,2020-12-10,11.0,2.0,1893997.0,17.0,,0,1,1,37
2018-01-07,201802,39.0,39,39,39,0.866475,2.05914,0,1,410690220180218606,2020-12-10,16.0,1.0,1893997.0,17.0,,0,0,1,37
2018-01-14,201803,63.0,63,63,63,0.988153,3.3263,0,1,410690220180318606,2020-12-10,10.0,2.0,1893997.0,19.0,,0,1,1,37
2018-01-21,201804,62.0,62,62,62,0.906915,3.2735,0,1,410690220180418606,2020-12-10,24.0,1.0,1893997.0,18.0,,0,0,1,37
2018-01-28,201805,48.0,48,48,48,0.240601,2.53432,0,1,410690220180518606,2020-12-10,10.0,1.0,1893997.0,16.0,,0,0,1,37
2018-02-04,201806,41.0,41,41,41,0.0609427,2.16473,0,1,410690220180618606,2020-12-10,10.0,1.0,1893997.0,16.0,,0,0,1,37
2018-02-11,201807,41.0,41,41,41,0.174828,2.16473,0,1,410690220180718606,2020-12-10,13.0,1.0,1893997.0,16.0,,0,0,1,37
2018-02-18,201808,47.0,47,47,47,0.62148,2.48152,0,1,410690220180818606,2020-12-10,14.0,1.0,1893997.0,17.0,,0,0,1,37
2018-02-25,201809,30.0,30,30,30,0.0747026,1.58395,0,1,410690220180918606,2020-12-10,8.0,1.0,1893997.0,17.0,,0,0,1,37
2018-03-04,201810,19.0,19,19,19,0.00329226,1.00317,0,1,410690220181018606,2020-12-10,9.0,0.0,1893997.0,17.0,,0,0,1,37
2018-03-11,201811,32.0,32,32,32,0.496594,1.68955,0,1,410690220181118606,2020-12-10,6.0,1.0,1893997.0,18.0,,0,0,1,37
2018-03-18,201812,29.0,29,29,29,0.612856,1.53115,0,1,410690220181218606,2020-12-10,14.0,1.0,1893997.0,18.0,,0,0,1,37
2018-03-25,201813,18.0,18,18,18,0.0831362,0.950371,0,1,410690220181318606,2020-12-10,10.0,1.0,1893997.0,17.0,,0,0,1,37
2018-04-01,201814,27.0,27,27,27,0.539003,1.42556,0,1,410690220181418606,2020-12-10,9.0,1.0,1893997.0,17.0,,0,0,1,37
2018-04-04,201815,23.0,23,23,23,0.453668,1.21436,0,1,410690220181518606,2020-12-10,7.0,1.0,1893997.0,15.0,,0,0,1,37
2018-04-15,201816,14.0,14,14,14,0.0632989,0.739178,0,1,410690220181618606,2020-12-10,8.0,1.0,1893997.0,13.0,,0,0,1,37
2018-04-22,201817,19.0,19,19,19,0.36134,1.00317,0,1,410690220181718606,2020-12-10,17.0,1.0,1893997.0,14.0,,0,0,1,37
2018-04-29,201818,19.0,19,19,19,0.545128,1.00317,0,1,410690220181818606,2020-12-10,11.0,1.0,1893997.0,16.0,,0,0,1,37
2018-05-06,201819,16.0,16,16,16,0.377406,0.844774,0,1,410690220181918606,2020-12-10,8.0,1.0,1893997.0,14.0,,0,0,1,37
2018-05-13,201820,17.0,17,17,17,0.443527,0.897573,0,1,410690220182018606,2020-12-10,9.0,1.0,1893997.0,14.0,,0,0,1,37
2018-05-20,201821,8.0,8,8,8,0.0369756,0.422387,0,1,410690220182118606,2020-12-10,10.0,0.0,1893997.0,8.0,,0,0,0,37
2018-05-27,201822,5.0,5,5,5,0.0156516,0.263992,0,1,410690220182218606,2020-12-10,12.0,0.0,1893997.0,10.0,,0,0,0,37
2018-06-03,201823,3.0,3,3,3,0.0235193,0.158395,0,1,410690220182318606,2020-12-10,11.0,0.0,1893997.0,9.0,,0,0,0,37
2018-06-10,201824,10.0,10,10,10,0.835848,0.527984,0,1,410690220182418606,2020-12-10,,2.0,1893997.0,12.0,,0,0,0,37
2018-06-17,201825,5.0,5,5,5,0.42325,0.263992,0,1,410690220182518606,2020-12-10,6.0,1.0,1893997.0,10.0,,0,0,0,37
2018-06-24,201826,2.0,2,2,2,0.0514502,0.105597,0,1,410690220182618606,2020-12-10,5.0,0.0,1893997.0,12.0,,0,0,0,37
2018-07-01,201827,2.0,2,2,2,0.0983955,0.105597,0,1,410690220182718606,2020-12-10,1.0,0.0,1893997.0,12.0,,0,0,0,37
2018-07-08,201828,5.0,5,5,5,0.731405,0.263992,0,1,410690220182818606,2020-12-10,5.0,2.0,1893997.0,6.0,,0,0,0,37
2018-07-15,201829,6.0,6,6,6,0.842504,0.31679,0,1,410690220182918606,2020-12-10,8.0,2.0,1893997.0,11.0,,0,0,0,37
2018-07-22,201830,6.0,6,6,6,0.699432,0.31679,0,1,410690220183018606,2020-12-10,12.0,1.0,1893997.0,11.0,,0,0,0,37
2018-07-29,201831,4.0,4,4,4,0.317377,0.211194,0,1,410690220183118606,2020-12-10,8.0,1.0,1893997.0,11.0,,0,0,0,37
2018-08-05,201832,3.0,3,3,3,0.202641,0.158395,0,1,410690220183218606,2020-12-10,15.0,1.0,1893997.0,9.0,,0,0,0,37
2018-08-12,201833,6.0,6,6,6,0.692306,0.31679,0,1,410690220183318606,2020-12-10,1.0,1.0,1893997.0,8.0,,0,0,0,37
2018-08-19,201834,9.0,9,9,9,0.90205,0.475186,0,1,410690220183418606,2020-12-10,,2.0,1893997.0,13.0,,0,0,0,37
2018-08-26,201835,4.0,4,4,4,0.277916,0.211194,0,1,410690220183518606,2020-12-10,1.0,1.0,1893997.0,10.0,,0,0,0,37
2018-09-02,201836,5.0,5,5,5,0.326981,0.263992,0,1,410690220183618606,2020-12-10,3.0,1.0,1893997.0,10.0,,0,0,0,37
2018-09-09,201837,4.0,4,4,4,0.301005,0.211194,0,1,410690220183718606,2020-12-10,,1.0,1893997.0,12.0,,0,0,0,37
2018-09-16,201838,7.0,7,7,7,0.744971,0.369589,0,1,410690220183818606,2020-12-10,,1.0,1893997.0,13.0,,0,0,0,37
2018-09-23,201839,7.0,7,7,7,0.710828,0.369589,0,1,410690220183918606,2020-12-10,,1.0,1893997.0,15.0,,0,0,0,37
2018-09-30,201840,5.0,5,5,5,0.375466,0.263992,0,1,410690220184018606,2020-12-10,,1.0,1893997.0,15.0,,0,0,0,37
2018-10-07,201841,9.0,9,9,9,0.750692,0.475186,0,1,410690220184118606,2020-12-10,,1.0,1893997.0,15.0,,0,0,0,37
2018-10-14,201842,12.0,12,12,12,0.885853,0.633581,0,1,410690220184218606,2020-12-10,,2.0,1893997.0,14.0,,0,0,0,37
2018-10-21,201843,11.0,11,11,11,0.701312,0.580782,0,1,410690220184318606,2020-12-10,,1.0,1893997.0,14.0,,0,0,0,37
2018-10-28,201844,3.0,3,3,3,0.0183736,0.158395,0,1,410690220184418606,2020-12-10,,0.0,1893997.0,14.0,,0,0,0,37
2018-11-04,201845,10.0,10,10,10,0.586478,0.527984,0,1,410690220184518606,2020-12-10,,1.0,1893997.0,14.0,,0,0,0,37
2018-11-11,201846,6.0,6,6,6,0.357296,0.31679,0,1,410690220184618606,2020-12-10,,1.0,1893997.0,17.0,,0,0,0,37
2018-11-18,201847,9.0,9,9,9,0.667167,0.475186,0,1,410690220184718606,2020-12-10,,1.0,1893997.0,15.0,,0,0,0,37
2018-11-25,201848,18.0,18,18,18,0.975994,0.950371,0,1,410690220184818606,2020-12-10,,2.0,1893997.0,16.0,,0,1,1,37
2018-12-02,201849,15.0,15,15,15,0.802515,0.791976,0,1,410690220184918606,2020-12-10,,1.0,1893997.0,14.0,,0,0,1,37
2018-12-09,201850,11.0,11,11,11,0.273756,0.580782,0,1,410690220185018606,2020-12-10,,1.0,1893997.0,15.0,,0,0,0,37
2018-12-16,201851,4.0,4,4,4,0.00731297,0.211194,0,1,410690220185118606,2020-12-10,,0.0,1893997.0,16.0,,0,0,0,37
2018-12-23,201852,0.0,0,0,0,0.0,0.0,0,1,410690220185218606,2020-12-10,,0.0,1893997.0,17.0,,0,0,0,37
2018-12-30,201901,44.0,44,44,44,1.0,2.32313,0,1,410690220190118606,2020-12-10,10.0,6.0,1893997.0,20.0,,0,1,1,37
2019-01-06,201902,47.0,47,47,47,0.999988,2.48152,0,3,410690220190218606,2020-12-10,29.0,3.0,1893997.0,19.0,,0,1,1,37
2019-01-13,201903,40.0,40,40,40,0.848739,2.11194,0,2,410690220190318606,2020-12-10,16.0,1.0,1893997.0,19.0,,0,0,1,37
2019-01-20,201904,41.0,41,41,41,0.48636,2.16473,0,2,410690220190418606,2020-12-10,30.0,1.0,1893997.0,19.0,,0,0,1,37
2019-01-27,201905,45.0,45,45,45,0.624371,2.37593,0,2,410690220190518606,2020-12-10,27.0,1.0,1893997.0,19.0,,0,0,1,37
2019-02-03,201906,64.0,64,64,64,0.978961,3.3791,0,2,410690220190618606,2020-12-10,19.0,1.0,1893997.0,16.0,,0,1,1,37
2019-02-10,201907,43.0,43,43,43,0.297261,2.27033,0,1,410690220190718606,2020-12-10,17.0,1.0,1893997.0,17.0,,0,0,1,37
2019-02-17,201908,45.0,45,45,45,0.24829,2.37593,0,1,410690220190818606,2020-12-10,43.0,1.0,1893997.0,17.0,,0,0,1,37
2019-02-24,201909,57.0,57,57,57,0.775725,3.00951,0,1,410690220190918606,2020-12-10,32.0,1.0,1893997.0,18.0,,0,0,1,37
2019-03-03,201910,63.0,63,63,63,0.904599,3.3263,0,1,410690220191018606,2020-12-10,33.0,1.0,1893997.0,18.0,,0,0,1,37
2019-03-10,201911,73.0,73,73,73,0.940426,3.85428,0,1,410690220191118606,2020-12-10,138.0,1.0,1893997.0,18.0,,0,0,1,37
2019-03-17,201912,72.0,72,72,72,0.778711,3.80148,0,1,410690220191218606,2020-12-10,42.0,1.0,1893997.0,17.0,,0,0,1,37
2019-03-24,201913,54.0,54,54,54,0.101659,2.85111,0,1,410690220191318606,2020-12-10,35.0,1.0,1893997.0,16.0,,0,0,1,37
2019-03-31,201914,56.0,56,56,56,0.178529,2.95671,0,1,410690220191418606,2020-12-10,45.0,1.0,1893997.0,17.0,,0,0,1,37
2019-04-07,201915,40.0,40,40,40,0.0277597,2.11194,0,1,410690220191518606,2020-12-10,40.0,1.0,1893997.0,15.0,,0,0,1,37
2019-04-14,201916,33.0,33,33,33,0.0232844,1.74235,0,1,410690220191618606,2020-12-10,37.0,1.0,1893997.0,15.0,,0,0,1,37
2019-04-21,201917,58.0,58,58,58,0.920454,3.06231,0,1,410690220191718606,2020-12-10,46.0,1.0,1893997.0,17.0,,0,0,1,37
2019-04-28,201918,41.0,41,41,41,0.440308,2.16473,0,1,410690220191818606,2020-12-10,56.0,1.0,1893997.0,16.0,,0,0,1,37
2019-05-05,201919,53.0,53,53,53,0.749603,2.79831,0,1,410690220191918606,2020-12-10,35.0,1.0,1893997.0,17.0,,0,0,1,37
2019-05-12,201920,30.0,30,30,30,0.0264548,1.58395,0,1,410690220192018606,2020-12-10,36.0,1.0,1893997.0,14.0,,0,0,1,37
2019-05-19,201921,40.0,40,40,40,0.339556,2.11194,0,1,410690220192118606,2020-12-10,151.0,1.0,1893997.0,14.0,,0,0,1,37
2019-05-26,201922,36.0,36,36,36,0.368471,1.90074,0,1,410690220192218606,2020-12-10,33.0,1.0,1893997.0,13.0,,0,0,1,37
2019-06-02,201923,21.0,21,21,21,0.0213377,1.10877,0,1,410690220192318606,2020-12-10,24.0,1.0,1893997.0,10.0,,0,0,1,37
2019-06-09,201924,28.0,28,28,28,0.280255,1.47836,0,1,410690220192418606,2020-12-10,37.0,1.0,1893997.0,11.0,,0,0,1,37
2019-06-16,201925,21.0,21,21,21,0.179996,1.10877,0,1,410690220192518606,2020-12-10,36.0,1.0,1893997.0,12.0,,0,0,1,37
2019-06-23,201926,22.0,22,22,22,0.347894,1.16156,0,1,410690220192618606,2020-12-10,14.0,1.0,1893997.0,11.0,,0,0,1,37
2019-06-30,201927,29.0,29,29,29,0.785029,1.53115,0,1,410690220192718606,2020-12-10,13.0,1.0,1893997.0,11.0,,0,0,1,37
2019-07-07,201928,21.0,21,21,21,0.346107,1.10877,0,1,410690220192818606,2020-12-10,10.0,1.0,1893997.0,5.0,,0,0,1,37
2019-07-14,201929,15.0,15,15,15,0.0707741,0.791976,0,1,410690220192918606,2020-12-10,19.0,1.0,1893997.0,10.0,,0,0,1,37
2019-07-21,201930,33.0,33,33,33,0.931365,1.74235,0,1,410690220193018606,2020-12-10,37.0,1.0,1893997.0,11.0,,0,0,1,37
2019-07-28,201931,30.0,30,30,30,0.857647,1.58395,0,1,410690220193118606,2020-12-10,9.0,1.0,1893997.0,11.0,,0,0,1,37
2019-08-04,201932,11.0,11,11,11,0.00586127,0.580782,0,1,410690220193218606,2020-12-10,101.0,0.0,1893997.0,10.0,,0,0,0,37
2019-08-11,201933,13.0,13,13,13,0.0303472,0.686379,0,1,410690220193318606,2020-12-10,24.0,1.0,1893997.0,10.0,,0,0,0,37
2019-08-18,201934,12.0,12,12,12,0.159927,0.633581,0,1,410690220193418606,2020-12-10,10.0,1.0,1893997.0,9.0,,0,0,0,37
2019-08-25,201935,15.0,15,15,15,0.624995,0.791976,0,1,410690220193518606,2020-12-10,8.0,1.0,1893997.0,11.0,,0,0,1,37
2019-09-01,201936,10.0,10,10,10,0.272648,0.527984,0,1,410690220193618606,2020-12-10,53.0,1.0,1893997.0,11.0,,0,0,0,37
2019-09-08,201937,11.0,11,11,11,0.364399,0.580782,0,1,410690220193718606,2020-12-10,25.0,1.0,1893997.0,15.0,,0,0,0,37
2019-09-15,201938,10.0,10,10,10,0.36849,0.527984,0,1,410690220193818606,2020-12-10,31.0,1.0,1893997.0,14.0,,0,0,0,37
2019-09-22,201939,10.0,10,10,10,0.443496,0.527984,0,1,410690220193918606,2020-12-10,10.0,1.0,1893997.0,10.0,,0,0,0,37
2019-09-29,201940,11.0,11,11,11,0.563888,0.580782,0,1,410690220194018606,2020-12-10,11.0,1.0,1893997.0,14.0,,0,0,0,37
2019-10-06,201941,15.0,15,15,15,0.816947,0.791976,0,1,410690220194118606,2020-12-10,19.0,1.0,1893997.0,13.0,,0,0,1,37
2019-10-13,201942,13.0,13,13,13,0.602529,0.686379,0,1,410690220194218606,2020-12-10,61.0,1.0,1893997.0,16.0,,0,0,0,37
2019-10-20,201943,23.0,23,23,23,0.942634,1.21436,0,1,410690220194318606,2020-12-10,16.0,2.0,1893997.0,14.0,,0,0,1,37
2019-10-27,201944,15.0,15,15,15,0.439737,0.791976,0,1,410690220194418606,2020-12-10,19.0,1.0,1893997.0,16.0,,0,0,1,37
2019-11-03,201945,18.0,18,18,18,0.514662,0.950371,0,1,410690220194518606,2020-12-10,58.0,1.0,1893997.0,17.0,,0,0,1,37
2019-11-10,201946,18.0,18,18,18,0.523877,0.950371,0,1,410690220194618606,2020-12-10,55.0,1.0,1893997.0,16.0,,0,0,1,37
2019-11-17,201947,22.0,22,22,22,0.757408,1.16156,0,1,410690220194718606,2020-12-10,27.0,1.0,1893997.0,16.0,,0,0,1,37
2019-11-24,201948,26.0,26,26,26,0.847689,1.37276,0,1,410690220194818606,2020-12-10,13.0,1.0,1893997.0,13.0,,0,0,1,37
2019-12-01,201949,20.0,20,20,20,0.404351,1.05597,0,1,410690220194918606,2020-12-10,31.0,1.0,1893997.0,15.0,,0,0,1,37
2019-12-08,201950,20.0,20,20,20,0.339908,1.05597,0,1,410690220195018613,2020-12-17,28.0,1.0,1893997.0,16.0,,0,0,1,37
2019-12-15,201951,4.0,4,4,4,0.000174369,0.211194,0,1,410690220195118617,2020-12-21,22.0,0.0,1893997.0,17.0,,0,0,0,37
2019-12-22,201952,0.0,0,0,0,0.0,0.0,0,1,410690220195218617,2020-12-21,9.0,0.0,1893997.0,17.0,,0,0,0,37
2019-12-29,202001,18.0,18,18,18,0.969392,0.950371,0,1,410690220200118639,2021-01-12,12.0,2.0,1893997.0,17.0,,0,1,1,37
2020-01-05,202002,79.0,79,79,79,1.0,4.17107,0,3,410690220200218639,2021-01-12,23.0,7.0,1893997.0,19.0,,0,1,2,37
2020-01-12,202003,72.0,72,72,72,0.999985,3.80148,0,3,410690220200318647,2021-01-20,23.0,2.0,1893997.0,17.0,,0,1,1,37
2020-01-19,202004,68.0,68,68,68,0.838707,3.59029,0,2,410690220200418659,2021-02-01,12.0,1.0,1893997.0,16.0,,0,0,1,37
2020-01-26,202005,1.0,1,1,1,0.407223,0.0527984,0,1,410690220200518671,2021-02-13,84.0,1.0,1893997.0,18.0,,0,0,0,37
2020-02-02,202006,7.0,7,7,7,0.974959,0.369589,0,1,410690220200618675,2021-02-17,78.0,4.0,1893997.0,18.0,,0,0,0,37
2020-02-09,202007,1.0,1,1,1,0.155032,0.0527984,0,1,410690220200718681,2021-02-23,47.0,0.0,1893997.0,16.0,,0,0,0,37
2020-02-16,202008,3.0,3,3,3,0.409141,0.153955,0,1,410690220200818688,2021-03-02,60.0,1.0,1948626.0,19.0,,0,0,0,37
2020-02-23,202009,2.0,2,2,2,0.314103,0.102636,0,1,410690220200918695,2021-03-09,158.0,1.0,1948626.0,15.0,,0,0,0,37
2020-03-01,202010,1.0,1,1,1,0.194877,0.0513182,0,1,410690220201018702,2021-03-16,47.0,0.0,1948626.0,14.0,,0,0,0,37
2020-03-08,202011,0.0,0,0,0,0.0,0.0,0,1,410690220201118702,2021-03-16,230.0,0.0,1948626.0,14.0,,0,0,0,37
2020-03-15,202012,0.0,0,0,0,0.0,0.0,0,1,410690220201218702,2021-03-16,414.0,0.0,1948626.0,18.0,,0,0,0,37
2020-03-22,202013,0.0,0,0,0,0.0,0.0,0,1,410690220201318702,2021-03-16,211.0,0.0,1948626.0,14.0,,0,0,0,37
2020-03-29,202014,0.0,0,0,0,0.0,0.0,0,1,410690220201418702,2021-03-16,149.0,0.0,1948626.0,16.0,,0,0,0,37
2020-04-05,202015,0.0,0,0,0,0.0,0.0,0,1,410690220201518702,2021-03-16,300.0,0.0,1948626.0,13.0,,0,0,0,37
2020-04-12,202016,0.0,0,0,0,0.0,0.0,0,1,410690220201618702,2021-03-16,155.0,0.0,1948626.0,11.0,,0,0,0,37
2020-04-19,202017,0.0,0,0,0,0.0,0.0,0,1,410690220201718702,2021-03-16,66.0,0.0,1948626.0,13.0,,0,0,0,37
2020-04-26,202018,0.0,0,0,0,0.0,0.0,0,1,410690220201818702,2021-03-16,69.0,0.0,1948626.0,15.0,,0,0,0,37
2020-05-03,202019,0.0,0,0,0,0.0,0.0,0,1,410690220201918702,2021-03-16,170.0,0.0,1948626.0,9.0,,0,0,0,37
2020-05-10,202020,0.0,0,0,0,0.0,0.0,0,1,410690220202018702,2021-03-16,56.0,0.0,1948626.0,12.0,,0,0,0,37
2020-05-17,202021,1.0,1,1,1,0.963268,0.0513182,0,1,410690220202118702,2021-03-16,107.0,19.0,1948626.0,11.0,,0,0,0,37
2020-05-24,202022,1.0,1,1,1,0.814529,0.0513182,0,1,410690220202218702,2021-03-16,81.0,3.0,1948626.0,6.0,,0,0,0,37
2020-05-31,202023,0.0,0,0,0,0.0,0.0,0,1,410690220202318702,2021-03-16,33.0,0.0,1948626.0,12.0,,0,0,0,37
2020-06-07,202024,0.0,0,0,0,0.0,0.0,0,1,410690220202418702,2021-03-16,73.0,0.0,1948626.0,13.0,,0,0,0,37
2020-06-14,202025,0.0,0,0,0,0.0,0.0,0,1,410690220202518702,2021-03-16,107.0,0.0,1948626.0,12.0,,0,0,0,37
2020-06-21,202026,1.0,1,1,1,0.925039,0.0513182,0,1,410690220202618702,2021-03-16,425.0,9.0,1948626.0,10.0,,0,0,0,37
2020-06-28,202027,0.0,0,0,0,0.0,0.0,0,1,410690220202718702,2021-03-16,26.0,0.0,1948626.0,7.0,,0,0,0,37
2020-07-05,202028,0.0,0,0,0,0.0,0.0,0,1,410690220202818702,2021-03-16,49.0,0.0,1948626.0,9.0,,0,0,0,37
2020-07-12,202029,0.0,0,0,0,0.0,0.0,0,1,410690220202918702,2021-03-16,203.0,0.0,1948626.0,11.0,,0,0,0,37
2020-07-19,202030,4.0,4,4,4,0.990275,0.205273,0,1,410690220203018702,2021-03-16,89.0,15.0,1948626.0,10.0,,0,0,0,37
2020-07-26,202031,3.0,3,3,3,0.851786,0.153955,0,1,410690220203118702,2021-03-16,32.0,3.0,1948626.0,10.0,,0,0,0,37
2020-08-02,202032,0.0,0,0,0,0.0,0.0,0,1,410690220203218702,2021-03-16,24.0,0.0,1948626.0,10.0,,0,0,0,37
2020-08-09,202033,0.0,0,0,0,0.0,0.0,0,1,410690220203318702,2021-03-16,88.0,0.0,1948626.0,12.0,,0,0,0,37
2020-08-16,202034,2.0,2,2,2,0.736565,0.102636,0,1,410690220203418702,2021-03-16,24.0,2.0,1948626.0,10.0,,0,0,0,37
2020-08-23,202035,2.0,2,2,2,0.81175,0.102636,0,1,410690220203518702,2021-03-16,25.0,3.0,1948626.0,7.0,,0,0,0,37
2020-08-30,202036,0.0,0,0,0,0.0,0.0,0,1,410690220203618702,2021-03-16,14.0,0.0,1948626.0,13.0,,0,0,0,37
2020-09-06,202037,6.0,6,6,6,0.960245,0.307909,0,1,410690220203718702,2021-03-16,38.0,4.0,1948626.0,15.0,,0,0,0,37
2020-09-13,202038,7.0,7,7,7,0.945303,0.359227,0,1,410690220203818702,2021-03-16,13.0,3.0,1948626.0,13.0,,0,0,0,37
2020-09-20,202039,5.0,5,5,5,0.570876,0.256591,0,1,410690220203918702,2021-03-16,18.0,1.0,1948626.0,11.0,,0,0,0,37
2020-09-27,202040,2.0,2,2,2,0.0796142,0.102636,0,1,410690220204018702,2021-03-16,17.0,0.0,1948626.0,15.0,,0,0,0,37
2020-10-04,202041,6.0,6,6,6,0.645483,0.307909,0,1,410690220204118702,2021-03-16,25.0,1.0,1948626.0,15.0,,0,0,0,37
2020-10-11,202042,4.0,4,4,4,0.488166,0.205273,0,1,410690220204218702,2021-03-16,15.0,1.0,1948626.0,13.0,,0,0,0,37
2020-10-18,202043,5.0,5,5,5,0.578731,0.256591,0,1,410690220204318702,2021-03-16,16.0,1.0,1948626.0,14.0,,0,0,0,37
2020-10-25,202044,1.0,1,1,1,0.0459904,0.0513182,0,1,410690220204418702,2021-03-16,23.0,0.0,1948626.0,14.0,,0,0,0,37
2020-11-01,202045,2.0,2,2,2,0.2255,0.102636,0,1,410690220204518702,2021-03-16,18.0,1.0,1948626.0,9.0,,0,0,0,37
2020-11-08,202046,2.0,2,2,2,0.408431,0.102636,0,1,410690220204618702,2021-03-16,15.0,1.0,1948626.0,16.0,,0,0,0,37
2020-11-15,202047,3.0,3,3,3,0.692528,0.153955,0,1,410690220204718702,2021-03-16,1.0,2.0,1948626.0,14.0,,0,0,0,37
2020-11-22,202048,3.0,3,3,3,0.639579,0.153955,0,1,410690220204818702,2021-03-16,,1.0,1948626.0,15.0,,0,0,0,37
2020-11-29,202049,1.0,1,1,1,0.167966,0.0513182,0,1,410690220204918702,2021-03-16,,0.0,1948626.0,16.0,,0,0,0,37
2020-12-06,202050,2.0,2,2,2,0.41883,0.102636,0,1,410690220205018702,2021-03-16,,1.0,1948626.0,17.0,,0,0,0,37
2020-12-13,202051,4.0,4,4,4,0.813106,0.205273,0,1,410690220205118702,2021-03-16,,2.0,1948626.0,17.0,,0,0,0,37
2020-12-20,202052,3.0,3,3,3,0.620548,0.153955,0,1,410690220205218702,2021-03-16,,1.0,1948626.0,18.0,,0,0,0,37
2020-12-27,202053,4.0,4,5,6,0.641919,0.205273,0,1,410690220205318702,2021-03-16,10.0,1.0,1948626.0,19.0,,0,0,0,37
2021-01-03,202101,10.0,10,11,10,0.960959,0.513182,0,1,410690220210118702,2021-03-16,22.0,3.0,1948626.0,20.0,,0,0,0,37
2021-01-10,202102,10.0,10,11,4,0.881393,0.513182,0,1,410690220210218702,2021-03-16,7.0,2.0,1948626.0,21.0,,0,0,0,37
2021-01-17,202103,3.0,3,5,3,0.0629946,0.153955,0,1,410690220210318702,2021-03-16,43.0,0.0,1948626.0,19.0,,0,0,0,37
2021-01-24,202104,3.0,3,6,5,0.069332,0.153955,0,1,410690220210418702,2021-03-16,22.0,0.0,1948626.0,19.0,,0,0,0,37
2021-01-31,202105,6.0,6,9,7,0.594999,0.307909,0,1,410690220210518702,2021-03-16,,1.0,1948626.0,19.0,,0,0,0,37
2021-02-07,202106,6.0,5,8,4,0.711992,0.307909,0,1,410690220210618702,2021-03-16,,1.0,1948626.0,15.0,,0,0,0,37
2021-02-14,202107,4.0,3,7,2,0.363901,0.205273,0,1,410690220210718702,2021-03-16,5.0,1.0,1948626.0,17.0,,0,0,0,37
2021-02-21,202108,6.0,4,10,2,0.58385,0.307909,0,1,410690220210818702,2021-03-16,39.0,1.0,1948626.0,17.0,,0,0,0,37
2021-02-28,202109,4.0,1,14,0,0.356768,0.205273,0,1,410690220210918702,2021-03-16,6.0,1.0,1948626.0,17.0,,0,0,0,37
2021-03-07,202110,0.0,0,0,0,0.0,0.0,0,1,410690220211018701,2021-03-15,,0.0,1948626.0,14.0,,0,0,0,37